{
  "Summarisation": {
    "ROUGE-L F1": 0.29130498223001583,
    "BLEU": 0.05879051152398478,
    "BERTScore F1": 0.8896350681781768
  },
  "Topic Classification": {
    "Overlap Accuracy": 0.9333333333333333,
    "Jaccard Index": 0.33711640211640204,
    "Micro F1": 0.47005291005291017,
    "Macro F1": 0.4116062373225152,
    "Weighted F1": 0.41427234926537665
  },
  "Q&A Generation": {
    "BLEU": 0.03568319625001567,
    "Diversity": 0.6098424564212188,
    "Answerability": 0.6883333333333334
  },
  "Key Concept Extraction": {
    "Precision@10": 0.4799999999999999,
    "Recall@10": 0.19200000000000006,
    "F1@10": 0.2742857142857143
  }
}