{
  "Summarisation": {
    "ROUGE-L F1": 0.29742185711051267,
    "BLEU": 0.0610880622616412,
    "BERTScore F1": 0.8892689645290375
  },
  "Topic Classification": {
    "Overlap Accuracy": 0.9333333333333333,
    "Jaccard Index": 0.3120767195767195,
    "Micro F1": 0.4403439153439154,
    "Macro F1": 0.4042530371066555,
    "Weighted F1": 0.40038417078576066
  },
  "Q&A Generation": {
    "BLEU": 0.043584452607361435,
    "Diversity": 0.6621046002018788,
    "Answerability": 0.731851851851852
  },
  "Key Concept Extraction": {
    "Precision@10": 0.47333333333333333,
    "Recall@10": 0.18933333333333335,
    "F1@10": 0.2704761904761905
  }
}