{
  "Summarisation": {
    "ROUGE-L F1": 0.3166495569254854,
    "BLEU": 0.08685704660742756,
    "BERTScore F1": 0.8926949441432953
  },
  "Topic Classification": {
    "Overlap Accuracy": 0.7,
    "Jaccard Index": 0.28174603174603174,
    "Micro F1": 0.3837037037037037,
    "Macro F1": 0.3915222951068539,
    "Weighted F1": 0.3836469698602052
  },
  "Q&A Generation": {
    "BLEU": 0.027678968141130977,
    "Diversity": 0.7009751896930586,
    "Answerability": 0.7466666666666668
  },
  "Key Concept Extraction": {
    "Precision@10": 0.5566666666666666,
    "Recall@10": 0.2226666666666667,
    "F1@10": 0.31809523809523815
  }
}