{
  "Summarisation": {
    "ROUGE-L F1": 0.31126663196014803,
    "BLEU": 0.07467139209853756,
    "BERTScore F1": 0.8922249853610993
  },
  "Topic Classification": {
    "Overlap Accuracy": 0.9333333333333333,
    "Jaccard Index": 0.4054761904761905,
    "Micro F1": 0.5414364640883977,
    "Macro F1": 0.5211658407382092,
    "Weighted F1": 0.5339477956254272
  },
  "Q&A Generation": {
    "BLEU": 0.02099918206432987,
    "Diversity": 0.706262395016219,
    "Answerability": 0.5688888888888889
  },
  "Key Concept Extraction": {
    "Precision@10": 0.4266666666666667,
    "Recall@10": 0.1706666666666667,
    "F1@10": 0.2438095238095238
  }
}