{
  "Summarisation": {
    "ROUGE-L F1": 0.3043048958777401,
    "BLEU": 0.0759543065166915,
    "BERTScore F1": 0.8883508284886678
  },
  "Topic Classification": {
    "Overlap Accuracy": 0.9666666666666667,
    "Jaccard Index": 0.4096825396825396,
    "Micro F1": 0.5423015873015873,
    "Macro F1": 0.5029993103087143,
    "Weighted F1": 0.514739182207255
  },
  "Q&A Generation": {
    "BLEU": 0.03952985417169323,
    "Diversity": 0.715155170003997,
    "Answerability": 0.28666666666666674
  },
  "Key Concept Extraction": {
    "Precision@10": 0.23333333333333334,
    "Recall@10": 0.09333333333333335,
    "F1@10": 0.13333333333333333
  }
}