{
  "Summarisation": {
    "ROUGE-L F1": 0.24154222518871749,
    "BLEU": 0.03548955236459787,
    "BERTScore F1": 0.8699424584706624
  },
  "Topic Classification": {
    "Overlap Accuracy": 0.9333333333333333,
    "Jaccard Index": 0.39674603174603174,
    "Micro F1": 0.5221164021164022,
    "Macro F1": 0.5018248193799664,
    "Weighted F1": 0.5045906537634478
  },
  "Q&A Generation": {
    "BLEU": 0.024576617345579373,
    "Diversity": 0.7861886527611717,
    "Answerability": 0.6666666666666667
  },
  "Key Concept Extraction": {
    "Precision@10": 0.5466666666666666,
    "Recall@10": 0.2186666666666667,
    "F1@10": 0.3123809523809525
  }
}