{
  "Summarisation": {
    "ROUGE-L F1": 0.2986105761545229,
    "BLEU": 0.05939138204972081,
    "BERTScore F1": 0.8872442901134491
  },
  "Topic Classification": {
    "Overlap Accuracy": 0.9333333333333333,
    "Jaccard Index": 0.34711640211640205,
    "Micro F1": 0.478941798941799,
    "Macro F1": 0.42711895205101724,
    "Weighted F1": 0.4257041605207366
  },
  "Q&A Generation": {
    "BLEU": 0.0486104233693666,
    "Diversity": 0.71930769059176,
    "Answerability": 0.711111111111111
  },
  "Key Concept Extraction": {
    "Precision@10": 0.49666666666666665,
    "Recall@10": 0.1986666666666667,
    "F1@10": 0.2838095238095238
  }
}