{
  "Summarisation": {
    "ROUGE-L F1": 0.21334108334628948,
    "BLEU": 0.013538244336129305,
    "BERTScore F1": 0.8671982328097025
  },
  "Topic Classification": {
    "Overlap Accuracy": 0.9333333333333333,
    "Jaccard Index": 0.35507936507936505,
    "Micro F1": 0.4921957671957672,
    "Macro F1": 0.47135164671929375,
    "Weighted F1": 0.46706313838666774
  },
  "Q&A Generation": {
    "BLEU": 0.022651743929994927,
    "Diversity": 0.7717825058233658,
    "Answerability": 0.5511111111111112
  },
  "Key Concept Extraction": {
    "Precision@10": 0.5266666666666667,
    "Recall@10": 0.2106666666666667,
    "F1@10": 0.300952380952381
  }
}